Напиток,Вариант,Фото,Страница источника,Название у источника
Bulleit Rye,,22ec59df-6b69-4ac6-8e5f-062712f8d119.jpg,https://newelitalco.kz/ru/catalog/bulleit-rye-45-07l_58,"Виски Bulleit Rye 45% (0,7L)"
Jules Gautret VSOP,,4ce45bed-03f6-4766-9d13-2ac5ab759768.jpg,https://newelitalco.kz/ru/catalog/jules-gautret-vsop-40-in-box-07l_24,"Коньяк Jules Gautret V.S.O.P. 40% in Box (0,7L)"
Hennessy VS,,2c06b094-3d23-40dc-a117-523a3d330d67.jpg,https://alcomag.kz/catalog/strong-alcohol/cognac/hennessy-vs-0.7,Hennessy VS 0.7
Hennessy VSOP,,2de60fce-fa2b-4c07-8d03-584f9706e9d5.jpg,"https://alcomag.kz/catalog/strong-alcohol/cognac/hennessy-vsop-0,5","Hennessy VSOP 0,5"
Hennessy XO,,59b4de81-5d0f-4cd6-9c36-59d91ebff6c8.jpg,https://newelitalco.kz/ru/catalog/hennessy-xo-40-gift-box-07l_86,"Коньяк Hennessy X.O. 40% Gift Box (0,7L)"
Armagnac VSOP Château de Laubade,,4e0ca2cf-dc32-45bb-99d5-e5c27eed2db3.jpg,https://www.chateaudelaubade.com/en/vsop/,VSOP FRUITY BALANCE
Calvados VSOP Château du Breuil,,164cc087-b1d8-4419-8b56-03c050b311d9.jpg,https://newelitalco.kz/ru/catalog/chateau-du-breuil-calvados-vsop-pays-dauge-aoc-40-07l_23,"Кальвадос Chateau du Breuil Calvados V.S.O.P., Pays d`Auge AOC 40% (0,7L)"
Grappa di Barolo Gaja,,f03dca18-623a-4fc7-9e4a-2e79c7beafa9.jpg,https://bottleofitaly.com/en/products/grappa-di-barolo-50cl-gaja-astucciato,Grappa di Barolo 50cl - Boxed - Gaja
Torres 15,,3dbe96bf-7cb0-4a86-8742-8a173dd8fa12.jpg,https://newelitalco.kz/ru/catalog/torres-15-yo-reserva-privada-40-in-box-07l_74,"Бренди Torres 15 YO Reserva Privada 40% in Box (0,7L)"
Bacardi Carta Blanca,,4f13c3ff-646e-44ee-8634-dbd49ccfab14.jpg,https://alcomag.kz/catalog/strong-alcohol/rum/bacardi-carta-blanca,Bacardi Carta Blanca
Bacardi Spiced,,91d12f83-e07c-4339-a507-3006cfbe08b1.jpg,https://newelitalco.kz/ru/catalog/bacardi-spiced-40-05l_58,"Ром Bacardi Spiced 40% (0,5L)"
Bacardi OakHeart,,c3c3b83a-9698-440e-aefe-ef193837ae7b.jpg,https://alcomag.kz/catalog/strong-alcohol/rum/bacardi-oakheart,Bacardi OakHeart 0.7
Bacardi Carta Negra,,5faa6bac-cba9-4388-9d8b-fe3910c1a824.jpg,https://newelitalco.kz/ru/catalog/bacardi-carta-negra-40-05l_3,"Ром Bacardi Carta Negra 40% (0,5L)"
Bacardi Reserva Ocho (8 Años),,ec9bcae5-f3fd-4a49-87c3-ea511fb6c5cb.jpg,https://newelitalco.kz/ru/catalog/bacardi-reserva-ocho-8-yo-40-07l_3,"Ром Bacardi Reserva Ocho 8 YO 40% (0,7L)"
Auchentoshan 12 Years,,d71b4e6a-a29a-452c-b0fa-6417c35d15be.jpg,https://newelitalco.kz/ru/catalog/auchentoshan-12-yo-40-in-box_5189,"Виски Auchentoshan 12 YO 40% in Box (0,7L)"
Craigellachie 13,,fa0552df-51f4-4346-86af-bb8830c7f955.jpg,https://newelitalco.kz/ru/catalog/craigeliachie-13-yo-46--07l_99,"Виски Craigellachie 13 YO 46% in Tube (0,7L)"
Danzante Pinot Grigio,,6a4ce20a-de94-43a0-bb25-e1a4e3c266f9.jpg,https://newelitalco.kz/ru/catalog/danzante-pinot-grigio-delle-venezie-2018-125-075l_42,"Вино Danzante, Pinot Grigio Delle Venezie IGT 12,5% (0,75L)"
Marlborough Sun Pinot Noir,,dd2a99e7-4da2-4dfb-b339-f1aed710ff04.png,https://alcomag.kz/catalog/wines/red-wines/saint-clair-marlborough-sun-pinot-noir,"Saint Clair ""Marlborough Sun"" Pinot Noir"
Frangelico,,de3e9225-1549-41a5-94f6-5de92be2cabf.jpg,https://newelitalco.kz/ru/catalog/frangelico-20-07l_20,"Ликер Frangelico 20% (0,7L)"
Villa Massa Limoncello di Sorrento,,b9b1171c-6558-4527-b5ac-1abfb5c72373.jpg,https://newelitalco.kz/ru/catalog/villa-massa-limoncello-di-sorrento-30-07l_67,"Ликер Villa Massa Limoncello di Sorrento 30% (0,7L)"
Choya,,1f477bba-bf85-45e1-9845-843f04a239bb.jpg,https://newelitalco.kz/ru/catalog/choya-sake-145-075l_85,"Саке Choya Sake 14,5% (0,75L)"
"Manzanilla, Delgado Zuleta (Dry)",,638ab6be-940a-4be8-ba21-7f683efe6c77.jpg,https://www.hellospain.eu/gb/sherry-wein/558-delgado-zuleta-manzanilla-75-cl.html,Delgado Zuleta Manzanilla 75 cl
Marlborough Sun Sauvignon Blanc,,51f89e26-7bea-4010-86de-f6507824117e.jpg,"https://alcomag.kz/catalog/wines/white-wines/saint-clair,-marlborough-sun-sauvignon-blanc","Saint Clair, ""Marlborough Sun"" Sauvignon Blanc"
San Marzano Il Pumo Primitivo,,add6bfec-0339-4c67-9921-77b59ff99553.jpg,https://newelitalco.kz/ru/catalog/san-marzano-il-pumo-primitivo-igp-salento-2018-135-075l_28,"Вино San Marzano “IL PUMO” Primitivo IGP Salento 13,5% (0,75L)"
Averna Amaro Siciliano,,ec59ac1e-0820-445b-9336-700071b79f06.jpg,https://newelitalco.kz/ru/catalog/amaro-averna-siciliano-29-07l_10,"Ликер Amaro Averna Siciliano 29% (0,7L)"
Fuga Junmai Daiginjo Sakari,,0cc9f34e-1807-4a4e-b7da-fc7d25c45bf3.jpg,https://bottleofitaly.com/en/products/fuga-junmai-daiginjo-72cl-sakari,Fuga Junmai Daiginjo 72cl - Sakari
"Porto Late Bottled Vintage, Graham's (Sweet)",,9762564f-dee9-49e5-980d-66e193e3ebfd.jpg,https://www.grahams-port.com/wine/late-bottled-vintage/64,Late Bottled Vintage Late Bottled Vintage
Le Grand Noir Cabernet Sauvignon,,5af08dee-14f9-4d51-b0f0-355830f49d8f.jpg,https://newelitalco.kz/ru/catalog/le-grand-noir-cabernet-sauvignon-pays-doc-igp-2017-135-075l_62,"Вино Le Grand Noir Cabernet Sauvignon, Pays d`Oc IGP 13,5% (0,75L)"
Martini Fiero,,9ceb9c90-6d5d-4ca7-94e5-7af4d3930568.jpg,https://newelitalco.kz/ru/catalog/martini-fiero_7667,"Вермут Martini Fiero 15% (0,75L)"
Martini Riserva Bitter,,1d7fe460-bcfe-4919-b125-713153aa6979.jpg,https://newelitalco.kz/ru/catalog/martini-riserva-speciale-bitter-285-07l_71,"Биттер Martini Riserva Bitter 28,5% (0,7L)"
Junmai Daiginjo Sakari,,e6dc7a02-6ba6-4b29-a6a2-a8bd57b52b3c.png,https://sakarisake.com/,Sakari
"Pedro Ximenez, Delgado Zuleta (Sweet)",,c117c1b8-3aeb-4537-b38e-cec427b3f699.jpg,https://www.hellospain.de/sherry-wein/677-delgado-zuleta-pedro-ximenez-px-75-cl.html,Delgado Zuleta Pedro Ximenez PX 75 cl
Glenmorangie Lasanta 15 Years,,59a63b28-1564-4941-972f-55e7fd5cdea7.jpg,https://newelitalco.kz/ru/catalog/glenmorangie-the-lasanta-15-yo-43-in-box-07l_6,"Виски Glenmorangie The Lasanta 15 YO 43% in Box (0,7L)"
Glenmorangie Extremely Rare 18 Years,,ffaacd2f-e6b1-49d1-975c-62348a593ccd.jpg,https://londonliquorstore.com/products/glenmorangie-18-year-old-single-malt-whisky-old-70cl,Glenmorangie Extremely Rare 18 Years
Tomatin 12 Years,,7cf14608-4ad4-4c0e-a106-b24a23006809.jpg,https://newelitalco.kz/ru/catalog/tomatin-12-yo-single-malt-43-in-box-07l_11,"Виски Tomatin 12 YO Single Malt 43% in Box (0,7L)"
Matusalem Gran Reserva 15,,8f1b659e-20da-4526-b2c4-8d826f7c5e78.jpg,https://newelitalco.kz/ru/catalog/matusalem-15-yo-40-in-box-07l_76,"Ром Matusalem 15 YO 40% in Box (0,7L)"
Zacapa Centenario XO,,da2158c4-e239-450c-b0f8-c03c28a5fd62.jpg,https://alcomag.kz/catalog/strong-alcohol/rum/zacapa-centenario-solera-grand-special-reserve-xo,Zacapa Centenario Solera Grand Special Reserve XO
Grey Goose,,5d01a506-2f48-4523-98b0-26e9d297f9ea.jpg,https://newelitalco.kz/ru/catalog/grey-goose-40-05l_68,"Водка Grey Goose 40% (0,5L)"
Sobolnaya,,82866f04-e083-47b2-86a9-1b3e7f530d56.jpg,https://newelitalco.kz/ru/catalog/sobolinaya-40-05l_34,"Водка Sobolinaya 40% (0,5L)"
Montelobos Espadín (мескаль),,0947fd8e-5792-4a31-9c56-46c12d843514.jpg,https://newelitalco.kz/ru/catalog/montelobos-espadin-oaxaca-432-07l_82,"Мескаль Montelobos Espadin Oaxaca 43,2% (0,7L)"
Patrón Reposado,,9224b779-0f75-4d16-870f-b4adab1c0640.jpg,https://alcomag.kz/catalog/strong-alcohol/tequila/patron-reposado,Patron Reposado
Citadelle Original,,af98d69b-a00b-4262-ba2d-85967d13bcdc.png,https://citadellegin.com/en/,"Citadelle , the world’s first craft gin!"
Asahi Super Dry,,e633f1ef-7a65-40ad-8709-9f597b230616.jpg,https://newelitalco.kz/ru/catalog/asahi-super-dry-52-glass-033l_34,"Пиво Asahi Super Dry 5% Glass (0,33L)"
327 XO,,60397728-1fb6-48d0-a45e-3102da4cd018.jpg,https://newelitalco.kz/ru/catalog/327-xo-40-07l_90,"Ром 327 XO 40% (0,7L)"
Belvedere Pure,,6d693ba5-966b-41c7-8f0f-d5de2367f203.jpg,https://newelitalco.kz/ru/catalog/belvedere-40-05l_38,"Водка -Belvedere 40% (0,5L)"
Ketel One,,bc70bb43-37d6-466f-a366-863e38491424.jpg,https://newelitalco.kz/ru/catalog/ketel-one-vodka-40-07l_18,"Водка Ketel One Vodka 40% (0,7L)"
Yuu Baal Joven (мескаль),,2a713c27-67dc-40a2-b663-be5e4fd82dcd.jpg,https://newelitalco.kz/ru/catalog/yuu-baal-joven-40-07l_65,"Мескаль Yuu Baal Joven 40% (0,7L)"
Patrón Añejo,,42fa2bd3-6e7d-422e-b90f-a26bc6ad69eb.jpg,https://alcomag.kz/catalog/strong-alcohol/tequila/patron-anejo,Patron Anejo
Bombay Sapphire,,8e8fad97-ce02-4117-ae9c-b4ade1b74a61.jpg,https://alcomag.kz/catalog/strong-alcohol/gin/bombay-sapphire,Bombay Sapphire 1L
Roku Japanese Craft Gin,,fcc7a816-ec8b-4b5f-8b82-9b19cb1ba7dd.jpg,https://newelitalco.kz/ru/catalog/roku-japanese-craft-gin-43-07l_76,"Джин Roku Japanese Craft Gin 43% (0,7L)"
Paulaner Münchner Hell,,cc03c5bb-b5a7-4db0-8fa7-42f78d76032f.jpg,https://newelitalco.kz/ru/catalog/paulaner-original-munchner-hell-49-glass-05l_71,"Пиво Paulaner Munchner Hell 4,9% Glass (0,5L)"
Peroni Nastro Azzurro,,5db81793-73f5-4a19-b2e4-61c97db8bd6d.jpg,https://newelitalco.kz/ru/catalog/peroni-nastro-azzurro-5-glass-033l_35,"Пиво Peroni Nastro Azzurro 5% Glass (0,33L)"
Zacapa Centenario 23,,3e7590d8-4102-4754-97b2-3bb3fafc24de.jpg,https://alcomag.kz/catalog/strong-alcohol/rum/zacapa-centenario-solera-gran-reserva-23-years,Zacapa Centenario Solera Gran Reserva 23 years
Царская Золотая,,75865491-1db9-4c60-b21f-74c0b5c5d6b1.jpg,"https://alcomag.kz/catalog/strong-alcohol/vodka/%D1%86%D0%B0%D1%80%D1%81%D0%BA%D0%B0%D1%8F-%D0%B7%D0%BE%D0%BB%D0%BE%D1%82%D0%B0%D1%8F-0,5","Царская Золотая 0,5"
Онегин,,4d058c08-105f-47bd-b919-c96d189d0adf.jpg,"https://alcomag.kz/catalog/strong-alcohol/vodka/%D0%BE%D0%BD%D0%B5%D0%B3%D0%B8%D0%BD-0,7","Онегин 0,7"
Don Julio 1942,,7514129a-cb57-449d-96f9-cee1be5dfc51.jpg,https://newelitalco.kz/ru/catalog/don-julio-1942-anejo-38-in-gift-box-07l_67,"Текила Don Julio 1942 Anejo 38% in Gift Box (0,7L)"
Patrón Silver,,b55f1d91-277a-4b5a-abf5-e458b19e3a70.jpg,https://alcomag.kz/catalog/strong-alcohol/tequila/patron-silver,Patron Silver
Monkey 47,,cd38e652-6cbc-4263-8121-f2c8ed950def.jpg,https://newelitalco.kz/ru/catalog/monkey-47-schwarzwald-dry-gin-47-05l_44,"Джин Monkey 47 Schwarzwald Dry Gin 47% (0,5L)"
Blanche de Bruxelles (разливное),,3cc07509-1f25-43b4-a0d3-91d4fd727ae2.jpg,https://newelitalco.kz/ru/catalog/blanche-de-bruxelles-45-glass-033l_78,"Пиво Blanche de Bruxelles 4,5%, Glass (0,33L)"
Bitburger Drive 0.0%,,764d1039-a6a2-4150-a4c6-fa610e3877f7.jpg,https://newelitalco.kz/ru/catalog/bitburger-0-glass-033l_52,"Пиво Bitburger Premium 0% Glass (0,33L)"
Blanche de Bruxelles (бутылка),,b459be3a-069d-4568-b074-dceba6a6950c.jpg,https://newelitalco.kz/ru/catalog/blanche-de-bruxelles-45-glass-033l_78,"Пиво Blanche de Bruxelles 4,5%, Glass (0,33L)"
Dewar's White Label,,70e9e6d5-43d5-40f4-9420-5696ed09d92d.jpg,https://newelitalco.kz/ru/catalog/dewars-white-label-whisky-40-05l_33,"Виски Dewar`s White Label 40% (0,5L)"
Dewar's 12 Years,,4355beb8-25ab-4c93-b5f4-400c135fd727.jpg,https://newelitalco.kz/ru/catalog/dewars-special-reserve-12-yo-40-in-box-07l_12,"Виски Dewar`s 12 YO 40% (0,7L)"
Dewar's 18 Years,,12fc1249-acd4-416c-83f5-6f110afe65f4.jpg,https://newelitalco.kz/ru/catalog/dewars-the-vintage-18-yo-40-gift-box-075l_17,"Виски Dewar`s 18 YO 40% Gift Box (0,75L)"
Dewar's Portuguese Smooth 8 Years,,2a01d327-331a-44dd-872e-97e22a1d0a61.jpg,https://newelitalco.kz/ru/catalog/dewars-portuguese-smooth-aged-8-yo-40-in-box-07l_92,"Виски Dewar`s Portuguese Smooth Aged 8 YO 40% in Box (0,7L)"
Dewar's Caribbean Smooth 8 Years,,07ef15a5-213d-4e22-b779-7558e954ed68.jpg,https://newelitalco.kz/ru/catalog/dewars-caribbean-smooth-aged-8-yo-40-in-box-07l_68,"Виски Dewar`s Caribbean Smooth Aged 8 YO 40% in Box (0,7L)"
Teeling Small Batch,,354b21f8-d4c7-4833-ad22-539200e755c2.jpg,https://newelitalco.kz/ru/catalog/teeling-small-batch-46-07l_94,"Виски Teeling Small Batch 46% (0,7L)"
Bushmills Original,,33f9d37f-2280-40e0-806f-bf09992d2732.jpg,https://newelitalco.kz/ru/catalog/bushmills-original-40-07l_35,"Виски Bushmills Original 40% (0,7L)"
Bushmills 10 Years,,cfe1e481-fabf-48c7-a5e7-2d8ac2a37d80.jpg,https://newelitalco.kz/ru/catalog/bushmills-single-malt-10-yo-in-tube-40-07l_67,"Виски Bushmills Single Malt 10 YO 40% in Tube (0,7L)"
The Tottori Bourbon Barrel,,f9431a3d-b81f-4eae-bb41-6647cbee9a7e.jpg,https://newelitalco.kz/ru/catalog/the-tottori-bourbon-barrel-43-in-box-07l_86,"Виски Tottori Bourbon Barrel 43% in Box (0,7L)"
Kurayoshi Sherry Cask,,ef07ebf5-bab7-4af7-9bd2-03d05aab7bc9.jpg,https://newelitalco.kz/ru/catalog/the-kurayoshi-sherry-cask-pure-malt-43-in-box-07l_91,"Виски Kurayoshi Sherry Cask Pure Malt 43% in Box (0,7L)"
Wild Turkey 81,,da6f2424-8295-4704-be63-eab319fa55b9.jpg,https://newelitalco.kz/ru/catalog/wild-turkey-81-405-07l_66,"Виски Wild Turkey 81 40,5% (0,7L)"
Bulleit Bourbon,,cc6599c2-bc46-4003-8408-4448e6135e54.jpg,https://newelitalco.kz/ru/catalog/bulleit-bourbon-45-07l_73,"Виски Bulleit Bourbon 45% (0,7L)"
"Porto Tawny 20 Y.O., Sandeman (Sweet)",,f9c41fab-8bdb-42ce-8b32-56a4e687eb74.jpg,https://newelitalco.kz/ru/catalog/sandeman-tawny-porto-20-yo-douro-dop-20-in-tube-075l_90,"Портвейн Sandeman, Tawny Porto 20 YO, Douro DOP 20% in Tube (0,75L)"
Glenmorangie Original 12 Years,,eb2b6663-ff75-46c4-a5c4-9b89f939f25b.jpg,https://newelitalco.kz/ru/catalog/glenmorangie-original-12-yo-40-07l_97,"Виски Glenmorangie Original 12 YO 40% (0,7L)"
Glenmorangie Nectar d'Or,,6ff97125-fd30-44bc-8b8b-9753f5ba3a3b.jpg,https://bottleofitaly.com/en/products/whisky-glenmorangie-12y-nectar-dor-saut-cask-46-cl-70-giftbox,Whisky Glenmorangie 12Y Nectar D'Or Saut.Cask 46% Cl.70 - Giftbox
Tomatin Legacy,,c7310b36-3590-416e-bab0-7dff0ffb5e64.jpg,https://newelitalco.kz/ru/catalog/tomatin-legacy-43-in-box-07l_2,"Виски Tomatin Legacy 43% in Box (0,7L)"
Glenmorangie Quinta Ruban 14 Years,,7d280223-28d3-425d-9589-641901b90c1e.jpg,https://newelitalco.kz/ru/catalog/glenmorangie-quinta-ruban-14-yo-46-in-box-07l_93,"Виски Glenmorangie The Quinta Ruban 14 YO 46% in Box (0,7L)"
Glenmorangie Signet,,357c0bf0-919a-4b63-b957-c0ee98c2b1c7.jpg,https://alcomag.kz/catalog/strong-alcohol/whiskey/glenmorangie-signet,Glenmorangie Signet
Auchentoshan American Oak,,135efc40-b207-4855-9f9a-91cdc1c7e7b1.jpg,https://newelitalco.kz/ru/catalog/auchentoshan-american-oak-40-in-box_5190,"Виски Auchentoshan American Oak 40% in Box (0,7L)"
Aultmore 12,,945fc239-dc49-44d2-a4d0-872224dcb738.jpg,https://newelitalco.kz/ru/catalog/aultmore12-yo-46--07l_27,"Виски Aultmore 12 YO 46% in Tube (0,7L)"
Kilchoman Sauternes Cask Finish,,180bba01-7cfb-4bf5-b425-1c36292bb137.png,https://www.kilchomandistillery.com/our-whisky/sauternes-cask-finish/,Sauternes Cask Finish 2018
The Dalmore 12,,77c9ed18-d735-4fdf-8300-d6c4cc4581c0.jpg,https://newelitalco.kz/ru/catalog/dalmore-12-yo-40-in-box-07l_64,"Виски Dalmore 12 YO 40% in Gift Box (0,7L)"
Aberfeldy 12,,de1482cc-82b2-4393-afd4-521ff9abefdc.jpg,https://alcomag.kz/catalog/strong-alcohol/whiskey/aberfeldy-12-yo,Aberfeldy 12 YO
Ardbeg Wee Beastie 5,,ccf33e6f-f36a-48c7-a066-1bf9adbc2172.jpg,https://newelitalco.kz/ru/catalog/ardbeg-wee-beastie-5-yo-single-malt-474-07l_47,"Виски Ardbeg Wee Beastie 5 YO Single Malt 47,4% (0,7L)"
Glenfarclas 12,,798b44cf-6320-48ac-9882-ddec95633dbd.jpg,https://newelitalco.kz/ru/catalog/glenfarclas-12-yo-43-in-tube-07l_57,"Виски Glenfarclas 12 YO 43% in Tube (0,7L)"
Lagavulin 16,,e9bd060d-190b-4d0e-ba1a-a0d139e85c4c.jpg,https://newelitalco.kz/ru/catalog/lagavulin-16-yo-43-in-box-07l_90,"Виски Lagavulin 16 YO 43% in Box (0,7L)"
Jinro Soju (Клубника / Слива / Виноград),Клубника,34c18aa1-a747-43b3-ac68-6878f3c3896c-option0.jpg,https://newelitalco.kz/ru/catalog/jinro-green-strawberry-soju-13-036l_88,"Водка Jinro Green Strawberry Soju 13% (0,36L)"
Jinro Soju (Клубника / Слива / Виноград),Слива,34c18aa1-a747-43b3-ac68-6878f3c3896c-option1.jpg,https://newelitalco.kz/ru/catalog/jinro-plum-soju-13-036l_74,"Водка Jinro Plum Soju 13% (0,36L)"
Jinro Soju (Клубника / Слива / Виноград),Виноград,34c18aa1-a747-43b3-ac68-6878f3c3896c-option2.jpg,https://newelitalco.kz/ru/catalog/jinro-green-grape-soju-13-036l_97,"Водка Jinro Green Grape Soju 13% (0,36L)"
Martini Riserva (Ambrato / Rubino),Ambrato,e86c5692-09e4-494a-8fc5-6eb1a3316dc4-option0.jpg,https://newelitalco.kz/ru/catalog/martini-riserva-speciale-ambrato-18-075l_22,"Вермут Martini Riserva Ambrato 18% (0,75L)"
Martini Riserva (Ambrato / Rubino),Rubino,e86c5692-09e4-494a-8fc5-6eb1a3316dc4-option1.jpg,https://newelitalco.kz/ru/catalog/martini-riserva-speciale-rubino-18-075l_40,"Вермут Martini Riserva Rubino 18% (0,75L)"
Nik Weis Riesling,Mosel Riesling Dry,04614442-edf8-4c39-97c2-c6b68dda5f29-option0.jpg,https://newelitalco.kz/ru/catalog/nik-weis-mosel-riesling-dry-115-075l_53,"Вино Nik Weis Mosel Riesling Dry 11,5% (0,75L)"
Nik Weis Riesling,Saar Riesling,04614442-edf8-4c39-97c2-c6b68dda5f29-option1.jpg,https://newelitalco.kz/ru/catalog/nik-weis-saar-riesling-mosel-10-075l_83,"Вино Nik Weis Saar Riesling Mosel 10% (0,75L)"
Nik Weis Riesling,Urban Riesling,04614442-edf8-4c39-97c2-c6b68dda5f29-option2.jpg,https://newelitalco.kz/ru/catalog/nik-weis-urban-riesling-mosel-105-075l_80,"Вино Nik Weis Urban Riesling Mosel 10,5% (0,75L)"
Nik Weis Riesling,Bockstein Kabinett,04614442-edf8-4c39-97c2-c6b68dda5f29-option3.jpg,https://newelitalco.kz/ru/catalog/nik-weis-bockstein-kabinett-riesling-mosel-10-075l_57,"Вино Nik Weis Bockstein Kabinett Riesling Mosel 10% (0,75L)"
The Macallan 12,Double Cask,2224ba1f-6d9c-4a97-a94f-c6fb57dbbbb4-option0.jpg,https://newelitalco.kz/ru/catalog/macallan-double-cask-matured-12-yo-40-in-box-07l_88,"Виски Macallan 12 YO Double Cask Matured 40% in Box (0,7L)"
The Macallan 12,Sherry Cask,2224ba1f-6d9c-4a97-a94f-c6fb57dbbbb4-option1.jpg,https://newelitalco.kz/ru/catalog/macallan-sherry-cask-matured-12-yo-40-in-gift-box-07l_48,"Виски Macallan 12 YO Sherry Cask Matured 40% in Gift Box (0,7L)"
The Macallan 12,Triple Cask,2224ba1f-6d9c-4a97-a94f-c6fb57dbbbb4-option2.jpg,https://newelitalco.kz/ru/catalog/macallan-triple-cask-matured-12-yo-40-in-box-07l_74,"Виски Macallan 12 YO Triple Cask Matured 40% in Box (0,7L)"
